body,jd_tdb,x,y,z,vx,vy,vz
399,2415020.5,-0.1937043581025838,0.9697186724876751,0.000110727846919252,-0.01715240792180164,-0.003504928731538711,-1.640330413665851e-06
399,2424151.5,-0.1875713291886604,0.9706274467157908,3.504623958517694e-05,-0.01717095560343756,-0.003391524243190323,-1.812035501142686e-07
399,2433282.5,-0.1818427759240414,0.9685920037046843,2.958197251088016e-05,-0.01718416285408946,-0.003267027199845264,-8.638543533152955e-07
399,2442413.5,-0.1783301191479646,0.9673787310058042,0.0001269421215350202,-0.01720209665036498,-0.003137841052491652,-1.889374473529181e-08
399,2451545.0,-0.1842722784343177,0.964445689270963,0.0002022132246085051,-0.01720224660838933,-0.003166189060532839,1.064592514002072e-08
399,2460402.5,-0.983686793978093,-0.2182716813242481,0.0002258099134979,0.003415792495438414,-0.01687543834919741,8.68361545333682e-07
399,2460417.5,-0.900656494493827,-0.4615567719395474,0.0002323222769355578,0.007579770671482884,-0.01537681121450489,9.90576868436315e-07
399,2460432.5,-0.7591961179729281,-0.6747920490502011,0.0002473390668289187,0.01117803758386955,-0.012911732077566,1.88810327900633e-07
399,2460676.5,-0.1844140472974828,0.962072238294683,0.0001284152186349546,-0.01719757779305811,-0.003197199735579798,-1.122400455364092e-07
399,2460764.699763406,-0.9904277446433184,-0.168098754905095,0.0001829786481678914,0.00253688975612905,-0.01704811881408442,2.075550828230943e-07
399,2460764.709763406,-0.9904023610212237,-0.1682692336359334,0.0001829807269790416,0.002539834756727896,-0.01704762802409681,2.082078703163812e-07
399,2460764.719763406,-0.9903769479485257,-0.1684397074640744,0.000182982812339537,0.002542779639806857,-0.01704713668459862,2.088649242686232e-07
399,2460764.729763406,-0.9903515054287726,-0.1686101763681235,0.0001829849042917486,0.002545724404861664,-0.01704664479571182,2.095262389797426e-07
399,2460764.739763406,-0.9903260334607751,-0.1687806403584631,0.0001829870028784953,0.002548669051937179,-0.01704615235746727,2.101918088214768e-07
399,2460764.749763406,-0.9903005320480842,-0.168951099413748,0.0001829891081420981,0.002551613580530396,-0.01704565936998803,2.108616279973104e-07
399,2460764.759763406,-0.9902750011907004,-0.1691215535364122,0.0001829912201251146,0.002554557990549278,-0.017045165833329,2.115356907568951e-07
399,2460764.769763406,-0.990249440888622,-0.1692920027288897,0.0001829933388700277,0.00255750228190199,-0.01704467174754553,2.12213991295508e-07
399,2460764.779763406,-0.9902238511454148,-0.169462446969839,0.0001829954644190339,0.002560446454086216,-0.01704417711276244,2.128965236750552e-07
399,2460764.789763406,-0.9901982319598869,-0.1696328862696442,0.0001829975968146159,0.002563390507147865,-0.0170436819290131,2.13583282029258e-07
399,2460764.799763406,-0.9901725833356217,-0.1698033206069192,0.0001829997360987462,0.002566334440584285,-0.01704318619642364,2.142742603174291e-07
399,2460764.809763406,-0.9901469052714233,-0.1699737499920723,0.0001830018823138579,0.002569278254442227,-0.01704268991502834,2.149694525840338e-07
399,2460764.819763406,-0.9901211977708845,-0.1701441744037202,0.0001830040355018361,0.002572221948219523,-0.01704219308495454,2.156688526929733e-07
399,2460764.824763406,-0.9901083329807172,-0.1702293847536696,0.0001830051147239229,0.002573693750195219,-0.01704194446415687,2.160201288220202e-07
399,2460764.829763406,-0.9900954608328119,-0.1703145938522481,0.0001830061957049271,0.002575165521962964,-0.01704169570623754,2.163724545902233e-07
399,2460764.839763406,-0.9900696944608018,-0.1704850083163224,0.0001830083629648917,0.002578108975171689,-0.01704119777900573,2.17080252048377e-07
399,2460764.849763406,-0.9900438986536628,-0.1706554178063055,0.0001830105373239387,0.002581052307892537,-0.01704069930329546,2.177922389221023e-07
399,2460764.859763406,-0.9900180734150018,-0.1708258223008663,0.0001830127188236421,0.002583995519625153,-0.01704020027923627,2.185084088813991e-07
399,2460764.869763406,-0.9899922187436229,-0.1709962218103915,0.000183014907506049,0.002586938610417246,-0.01703970070686543,2.192287556916792e-07
399,2460764.879763406,-0.9899663346431492,-0.1711666163135056,0.0001830171034126462,0.002589881579768164,-0.01703920058631378,2.199532729316347e-07
399,2460764.889763406,-0.9899404211123811,-0.1713370058206196,0.0001830193065853935,0.002592824427726496,-0.01703869991761947,2.206819542743435e-07
399,2460764.899763406,-0.9899144781549517,-0.1715073903103606,0.0001830215170656034,0.002595767153792114,-0.01703819870091453,2.214147932000081e-07
399,2460764.909763406,-0.989888505769664,-0.1716777697931168,0.000183023734895099,0.002598709758013686,-0.01703769693623813,2.221517832893726e-07
399,2460764.919763406,-0.9898625039601537,-0.171848144247565,0.0001830259601151054,0.00260165223989243,-0.0170371946237233,2.22892917938513e-07
399,2460764.929763406,-0.9898364727252262,-0.1720185136840707,0.0001830281927672465,0.002604594599477101,-0.01703669176341024,2.236381906276323e-07
399,2460764.939763406,-0.9898104120685278,-0.1721888780813134,0.0001830304328926853,0.002607536836269461,-0.01703618835543314,2.243875946614984e-07
399,2460764.949763406,-0.9897843219888588,-0.1723592374496828,0.0001830326805328836,0.002610478950319173,-0.01703568439983307,2.251411234269544e-07
399,2460764.959763406,-0.9897582024898826,-0.1725295917678143,0.00018303493572888,0.002613420941127743,-0.01703517989674552,2.258987701415643e-07
399,2460764.969763406,-0.9897320535703954,-0.1726999410461219,0.000183037198521987,0.002616362808745751,-0.01703467484621242,2.266605281070186e-07
399,2460764.979763406,-0.9897058752340703,-0.1728702852632434,0.000183039468953131,0.002619304552675262,-0.01703416924837041,2.274263904382881e-07
399,2460764.989763406,-0.9896796674797061,-0.1730406244295704,0.0001830417470634752,0.002622246172966977,-0.01703366310326241,2.28196350350885e-07
399,2460764.994763406,-0.9896665525722126,-0.1731257921100458,0.0001830428890110426,0.002623716936559284,-0.01703340982553255,2.285828647125097e-07
399,2460764.999763406,-0.9896534303109787,-0.1732109585237905,0.000183044032893784,0.002625187669124346,-0.01703315641102607,2.289704008715502e-07
399,2460765.009763406,-0.9896271637279112,-0.173381287548353,0.000183046326485009,0.002628129041061427,-0.01703264917172892,2.29748535089606e-07
399,2460765.019763406,-0.9896008677305237,-0.1735516115057072,0.0001830486278780641,0.002631070288692541,-0.01703214138543891,2.305307460451305e-07
399,2469807.5,-0.1708111871650939,0.9648927987025849,-9.589845650358703e-05,-0.01721265688745934,-0.003071877051157427,9.075142494314951e-07
399,2478938.5,-0.1585302712018618,0.9692803633214363,-0.000319552599476547,-0.01723259038513552,-0.002938008565651427,1.709987094588458e-07
399,2488069.5,-0.1489999375741498,0.9717093405453172,-0.0004718113419341817,-0.01726013790919612,-0.002804885293882179,1.646568191353821e-06
899,2415020.5,1.518053716911586,29.8319405607837,-0.6492176594257796,-0.003153615756996944,0.000179632885014649,6.877832740619951e-05
899,2424151.5,-23.71843447054998,18.52832601186778,0.1648979744264791,-0.00194979661586106,-0.002454320304626537,9.515567292293822e-05
899,2433282.5,-29.09175121500072,-8.406551271817001,0.8433020663866168,0.0008536929750156106,-0.002995901115302931,4.226286956108599e-05
899,2442413.5,-10.42862727048893,-28.44104500440879,0.8258867266764037,0.002926859924994011,-0.001062924146592563,-4.525396134047068e-05
899,2451545.0,16.80491042567298,-24.99455925006004,0.1274288108554432,0.002584290767904936,0.001769120129306571,-9.611096953265e-05
899,2460402.5,29.84903820182879,-1.503740971388336,-0.6569349390226435,0.0001367947383539065,0.003153779851491174,-6.776848023413187e-05
899,2460417.5,29.85105946043462,-1.456431697284441,-0.657955423235694,0.0001325565431963649,0.00315387710900291,-6.839476348393259e-05
899,2460432.5,29.85300506314839,-1.409120275437699,-0.6589746581479554,0.0001270675321131834,0.003154530447079587,-6.747851398014689e-05
899,2460676.5,29.87419856066516,-0.6390996716868141,-0.6753203023903255,4.657731851763883e-05,0.003156723264097353,-6.648766382366154e-05
899,2460764.699763406,29.87700379115901,-0.3606266347847402,-0.6811196219430694,1.731069048520699e-05,0.003157198208592235,-6.581818942893994e-05
899,2460764.709763406,29.87700396422614,-0.360595062819119,-0.6811202801195521,1.730273383057866e-05,0.003157195062374999,-6.581710297239325e-05
899,2460764.719763406,29.87700413721366,-0.3605634908833183,-0.6811209382849879,1.729476717632221e-05,0.003157191950179687,-6.581597388738493e-05
899,2460764.729763406,29.87700431012145,-0.3605319189799379,-0.6811215964388888,1.728679107670795e-05,0.003157188872930418,-6.581480209820776e-05
899,2460764.739763406,29.87700448294944,-0.3605003471056834,-0.6811222545808885,1.727880607806394e-05,0.003157185831564522,-6.581358752466221e-05
899,2460764.749763406,29.87700465569754,-0.3604687752631273,-0.6811229127104975,1.727081272040324e-05,0.003157182827026732,-6.581233008439095e-05
899,2460764.759763406,29.87700482836567,-0.3604372034504283,-0.6811235708273176,1.726281153367151e-05,0.003157179860261826,-6.581102969424873e-05
899,2460764.769763406,29.87700500095375,-0.3604056316657364,-0.6811242289309493,1.72548030378853e-05,0.003157176932209281,-6.580968627209906e-05
899,2460764.779763406,29.8770051734617,-0.3603740599115954,-0.6811248870209005,1.724678774344603e-05,0.003157174043798446,-6.580829973851353e-05
899,2460764.789763406,29.87700534588948,-0.3603424881846643,-0.6811255450968013,1.723876614788579e-05,0.003157171195942888,-6.580687001772284e-05
899,2460764.799763406,29.87700551823701,-0.3603109164874774,-0.6811262031581579,1.723073873835645e-05,0.003157168389537249,-6.580539703940573e-05
899,2460764.809763406,29.87700569050424,-0.3602793448166715,-0.681126861204599,1.722270598828113e-05,0.003157165625452445,-6.580388073932788e-05
899,2460764.819763406,29.87700586269111,-0.3602477731747635,-0.6811275192356294,1.721466836012207e-05,0.0031571629045334,-6.5802321060954e-05
899,2460764.824763406,29.87700594875441,-0.3602319873624903,-0.6811278482452722,1.721064785709712e-05,0.003157161560516859,-6.580152493936307e-05
899,2460764.829763406,29.87700603479759,-0.3602162015583775,-0.6811281772508766,1.720662630227959e-05,0.003157160227595144,-6.58007179558509e-05
899,2460764.839763406,29.87700620682363,-0.3601846299700057,-0.6811288352498448,1.719858025209326e-05,0.003157157595421319,-6.579907138514829e-05
899,2460764.849763406,29.87700637876918,-0.3601530584062608,-0.6811294932321605,1.719053063296084e-05,0.003157155008761068,-6.579738131972255e-05
899,2460764.859763406,29.87700655063422,-0.3601214868696198,-0.6811301511973272,1.718247785753855e-05,0.003157152468328239,-6.579564774152048e-05
899,2460764.869763406,29.87700672241873,-0.3600899153566768,-0.6811308091449716,1.717442232504153e-05,0.003157149974798969,-6.579387064355086e-05
899,2460764.879763406,29.87700689412267,-0.3600583438699043,-0.6811314670745964,1.716636442461994e-05,0.003157147528811485,-6.579205003108546e-05
899,2460764.889763406,29.87700706574602,-0.3600267724058792,-0.6811321249858284,1.715830453280465e-05,0.003157145130964318,-6.579018592147444e-05
899,2460764.899763406,29.87700723728875,-0.3599952009670617,-0.6811327828781713,1.715024301702939e-05,0.003157142781816611,-6.578827834523941e-05
899,2460764.909763406,29.87700740875087,-0.3599636295500221,-0.6811334407512518,1.71421802332006e-05,0.003157140481886883,-6.578632734573187e-05
899,2460764.919763406,29.87700758013236,-0.3599320581572016,-0.6811340986045749,1.713411652932919e-05,0.003157138231653772,-6.578433298013372e-05
899,2460764.929763406,29.8770077514332,-0.3599004867851653,-0.6811347564377682,1.712605224320564e-05,0.003157136031555271,-6.578229531897235e-05
899,2460764.939763406,29.8770079226534,-0.3598689154363455,-0.6811354142503383,1.71179877061156e-05,0.003157133881989837,-6.578021444704568e-05
899,2460764.949763406,29.87700809379295,-0.3598373441072949,-0.6811360720419148,1.710992324059016e-05,0.003157131783316039,-6.577809046280121e-05
899,2460764.959763406,29.87700826485187,-0.3598057728004476,-0.6811367298120056,1.710185916419047e-05,0.003157129735853967,-6.577592347920767e-05
899,2460764.969763406,29.87700843583015,-0.3597742015123452,-0.6811373875602426,1.709379578730487e-05,0.003157127739885213,-6.577371362300571e-05
899,2460764.979763406,29.87700860672778,-0.3597426302454164,-0.6811380452861369,1.708573341698088e-05,0.003157125795654533,-6.57714610355344e-05
899,2460764.989763406,29.87700877754482,-0.3597110589962023,-0.6811387029893227,1.707767235475594e-05,0.003157123903370115,-6.576916587187823e-05
899,2460764.994763406,29.8770088629231,-0.3596952733793602,-0.6811390318322403,1.707364240808639e-05,0.003157122976763319,-6.576800237646193e-05
899,2460764.999763406,29.87700894828124,-0.3596794877671186,-0.6811393606693141,1.706961290050821e-05,0.003157122063205417,-6.57668283016472e-05
899,2460765.009763406,29.87700911893707,-0.3596479165561753,-0.6811400183257186,1.706155535068416e-05,0.003157120275299758,-6.576444850814496e-05
899,2460765.019763406,29.87700928951235,-0.3596163453613814,-0.6811406759581453,1.705350000027707e-05,0.003157118539759888,-6.576202668856292e-05
899,2469807.5,17.39900565358829,24.19441765131598,-0.899227483518085,-0.002566752978250953,0.001853001085882222,2.096785830137517e-05
899,2478938.5,-10.06020413778136,28.21913826891479,-0.3492724346894147,-0.002975161394028251,-0.001032947669169721,9.024976242046489e-05
899,2488069.5,-29.05082022317197,8.236219073466541,0.4999398055756457,-0.0008737928347241552,-0.003000322854392181,8.188873976845064e-05
8,2415020.5,1.518059986118781,29.83193717714042,-0.6492174513823712,-0.003153192373163808,0.0001799153713190968,6.893262413603703e-05
8,2424151.5,-23.71843179140309,18.52832555452901,0.1648977401764328,-0.00195016208041838,-0.002454087225431189,9.545868386333557e-05
8,2433282.5,-29.09174978286302,-8.406551829733168,0.8433017730309909,0.0008533908077084269,-0.002996272718757087,4.20363359127683e-05
8,2442413.5,-10.42862658341065,-28.44104488552455,0.8258869649110159,0.002927295442573167,-0.001062985695752558,-4.555011700036701e-05
8,2451545.0,16.80490978889128,-24.99455888678026,0.1274291784264387,0.002584652719387356,0.001769493903808153,-9.600395792023743e-05
8,2460402.5,29.84903665430686,-1.503739478326007,-0.656934707876112,0.0001372008719813807,0.003153775432043867,-6.810801380878763e-05
8,2460417.5,29.85105742358929,-1.456430990131663,-0.6579555080686754,0.0001322349522609938,0.003154021682976429,-6.799864972711843e-05
8,2460432.5,29.85300370050278,-1.409118867166657,-0.6589746665043943,0.0001272685581597132,0.003154260067921427,-6.788911293920908e-05
8,2460676.5,29.87419635116681,-0.6390988379583803,-0.6753202151555365,4.642568025709074e-05,0.00315703219197833,-6.608328212004172e-05
8,2460764.699763406,29.87700154947499,-0.3606257766910912,-0.6811195152565676,1.718311656408943e-05,0.003157521204531955,-6.541950955081789e-05
8,2460764.709763406,29.87700172128957,-0.3605942014795517,-0.6811201694512705,1.717980064889784e-05,0.003157521244520393,-6.541943396529025e-05
8,2460764.719763406,29.877001893071,-0.3605626262661399,-0.6811208236452482,1.717648473346643e-05,0.003157521284505329,-6.541935837968566e-05
8,2460764.729763406,29.87700206481927,-0.3605310510538006,-0.6811214778384395,1.717316881810449e-05,0.003157521324486758,-6.541928279401015e-05
8,2460764.739763406,29.87700223653438,-0.3604994758395935,-0.6811221320309053,1.71698529025032e-05,0.003157521364464685,-6.541920720825707e-05
8,2460764.749763406,29.87700240821632,-0.3604679006264547,-0.6811227862225847,1.716653698697092e-05,0.003157521404439105,-6.54191316224337e-05
8,2460764.759763406,29.87700257986511,-0.3604363254129163,-0.6811234404135085,1.716322107135349e-05,0.00315752144441002,-6.541905603653608e-05
8,2460764.769763406,29.87700275148074,-0.3604047501975099,-0.6811240946037067,1.715990515549672e-05,0.003157521484377432,-6.541898045056063e-05
8,2460764.779763406,29.87700292306321,-0.3603731749831721,-0.6811247487931187,1.715658923970897e-05,0.003157521524341338,-6.541890486451489e-05
8,2460764.789763406,29.87700309461253,-0.3603415997669621,-0.6811254029818054,1.715327332368144e-05,0.003157521564301741,-6.54188292783917e-05
8,2460764.799763406,29.87700326612868,-0.360310024551825,-0.6811260571697054,1.714995740772339e-05,0.003157521604258637,-6.541875369219759e-05
8,2460764.809763406,29.87700343761168,-0.360278449334816,-0.6811267113568804,1.714664149152557e-05,0.003157521644212031,-6.541867810592601e-05
8,2460764.819763406,29.87700360906151,-0.3602468741188798,-0.6811273655432688,1.714332557539724e-05,0.003157521684161919,-6.541860251958417e-05
8,2460764.824763406,29.877003694774,-0.3602310865092938,-0.6811276926362101,1.714166761714697e-05,0.003157521704135549,-6.541856472638214e-05
8,2460764.829763406,29.87700378047819,-0.3602152989010761,-0.6811280197289319,1.71400096590296e-05,0.003157521724108303,-6.541852693316448e-05
8,2460764.839763406,29.87700395186171,-0.360183723684341,-0.6811286739138087,1.713669374273101e-05,0.003157521764051181,-6.541845134667426e-05
8,2460764.849763406,29.87700412321207,-0.3601521484657385,-0.6811293280979601,1.713337782619311e-05,0.003157521803990555,-6.541837576010684e-05
8,2460764.859763406,29.87700429452926,-0.3601205732482046,-0.681129982281325,1.713006190972427e-05,0.003157521843926424,-6.541830017346889e-05
8,2460764.869763406,29.8770044658133,-0.3600889980287988,-0.6811306364639647,1.712674599301567e-05,0.00315752188385879,-6.541822458675257e-05
8,2460764.879763406,29.87700463706418,-0.3600574228104664,-0.6811312906458181,1.712343007637659e-05,0.003157521923787649,-6.541814899996676e-05
8,2460764.889763406,29.87700480828191,-0.3600258475902622,-0.6811319448269461,1.712011415949775e-05,0.003157521963713006,-6.541807341310259e-05
8,2460764.899763406,29.87700497946647,-0.3599942723711312,-0.6811325990072876,1.711679824268844e-05,0.003157522003634855,-6.5417997826168e-05
8,2460764.909763406,29.87700515061787,-0.3599626971501328,-0.6811332531869037,1.711348232563985e-05,0.003157522043553203,-6.541792223915622e-05
8,2460764.919763406,29.87700532173611,-0.3599311219302035,-0.6811339073657335,1.711016640866034e-05,0.003157522083468044,-6.541784665207378e-05
8,2460764.929763406,29.8770054928212,-0.3598995467084068,-0.6811345615438379,1.710685049144154e-05,0.003157522123379382,-6.54177710649135e-05
8,2460764.939763406,29.87700566387312,-0.3598679714876793,-0.681135215721156,1.710353457429184e-05,0.003157522163287213,-6.541769547768255e-05
8,2460764.949763406,29.87700583489189,-0.3598363962650801,-0.6811358698977488,1.71002186569024e-05,0.003157522203191541,-6.541761989037441e-05
8,2460764.959763406,29.87700600587749,-0.3598048210435545,-0.6811365240735551,1.709690273958251e-05,0.003157522243092364,-6.541754430299561e-05
8,2460764.969763406,29.87700617682994,-0.3597732458201574,-0.6811371782486361,1.70935868220229e-05,0.003157522282989683,-6.541746871553921e-05
8,2460764.979763406,29.87700634774923,-0.3597416705978337,-0.6811378324229307,1.709027090453285e-05,0.003157522322883495,-6.54173931280128e-05
8,2460764.989763406,29.87700651863536,-0.359710095373643,-0.6811384865964998,1.708695498680354e-05,0.003157522362773805,-6.541731754040803e-05
8,2460764.994763406,29.87700660406599,-0.3596943077621322,-0.6811388136829858,1.708529702798407e-05,0.003157522382717645,-6.541727974658007e-05
8,2460764.999763406,29.87700668948833,-0.3596785201505216,-0.6811391407692827,1.708363906914333e-05,0.003157522402660609,-6.541724195273338e-05
8,2460765.009763406,29.87700686030814,-0.3596469449270013,-0.6811397949413096,1.708032315139807e-05,0.003157522442543908,-6.541716636498357e-05
8,2460765.019763406,29.8770070310948,-0.3596153697016141,-0.6811404491126111,1.707700723341354e-05,0.003157522482423703,-6.54170907771572e-05
8,2469807.5,17.39899979161325,24.19441796529552,-0.8992277443901925,-0.00256712451619101,0.001852626412684052,2.101001506427406e-05
8,2478938.5,-10.06021289714448,28.21913225373027,-0.3492721099509743,-0.002974889522519206,-0.001033144522703562,8.983862575318016e-05
8,2488069.5,-29.05082285836851,8.23620462376777,0.4999405299544227,-0.0008735625294450403,-0.002999845542052135,8.1914229865576e-05
10,2415020.5,0.003183176236959894,0.006366318112724898,-0.0001032144337650316,-7.351808605744458e-06,3.783161471934427e-06,1.748610800007924e-07
10,2424151.5,0.002299895552024732,0.005899197701538333,-0.0001288249629929577,-7.89259058653257e-06,5.705849645915662e-07,1.723524258644677e-07
10,2433282.5,0.0008743506444527466,0.002474772451080384,-7.84559726025898e-05,-4.504734249523134e-06,-3.464846211811919e-06,8.384081068859763e-08
10,2442413.5,-0.002779203297821325,-0.0001197065905652133,6.947407509298357e-05,7.121932764368296e-07,-6.879897076649856e-06,-1.997583096353644e-08
10,2451545.0,-0.007137179161607904,-0.002795997495567612,0.0002062985061910257,5.378460339618783e-06,-7.406916207973516e-06,-9.43429343213747e-08
10,2460402.5,-0.007489379093508545,-0.003522614596486782,0.0002052285006448801,5.548804662888656e-06,-6.345101851679908e-06,-6.689942857982183e-08
10,2460417.5,-0.007405289334364133,-0.003616878769406237,0.000204194771773402,5.663630254642725e-06,-6.222884783776672e-06,-7.10136498207196e-08
10,2460432.5,-0.007319462262672282,-0.003709272486867562,0.0002030968167844444,5.779980430657249e-06,-6.095110604148959e-06,-7.538934304005997e-08
10,2460676.5,-0.005730606324378153,-0.00491055708277207,0.0001795094577858112,7.160788611314778e-06,-3.666546272590425e-06,-1.176972196034231e-07
10,2460764.699763406,-0.005091180893769762,-0.005185793474420437,0.0001687323559594465,7.267751706164818e-06,-2.604643090868499e-06,-1.235975305795786e-07
10,2460764.709763406,-0.005091108216292125,-0.005185819520345178,0.0001687311199837169,7.267744146144008e-06,-2.604541974772064e-06,-1.235976208863346e-07
10,2460764.719763406,-0.005091035538886696,-0.005185845565260005,0.0001687298840070255,7.267736586983138e-06,-2.604440865229497e-06,-1.235977114788541e-07
10,2460764.729763406,-0.005090962861560243,-0.005185871609162555,0.0001687286480294846,7.267729028684271e-06,-2.604339762248688e-06,-1.235978023570908e-07
10,2460764.739763406,-0.00509089018430599,-0.005185897652055319,0.0001687274120509751,7.267721471248061e-06,-2.604238665818677e-06,-1.235978935210151e-07
10,2460764.749763406,-0.005090817507130685,-0.00518592369393594,0.0001687261760716108,7.267713914676558e-06,-2.604137575947324e-06,-1.235979849705797e-07
10,2460764.759763406,-0.005090744830030942,-0.005185949734805695,0.00016872494009133,7.26770635897077e-06,-2.604036492628387e-06,-1.235980767057513e-07
10,2460764.769763406,-0.005090672153003372,-0.005185975774665861,0.0001687237041100733,7.267698804131694e-06,-2.603935415855625e-06,-1.235981687264961e-07
10,2460764.779763406,-0.005090599476054726,-0.005186001813514081,0.0001687224681279524,7.267691250161384e-06,-2.6038343456369e-06,-1.235982610327672e-07
10,2460764.789763406,-0.005090526799178225,-0.005186027851352846,0.0001687212321448491,7.267683697060487e-06,-2.603733281961257e-06,-1.235983536245352e-07
10,2460764.799763406,-0.005090454122380642,-0.005186053888179792,0.0001687199961608765,7.267676144831056e-06,-2.603632224836587e-06,-1.23598446501754e-07
10,2460764.809763406,-0.005090381445655186,-0.005186079923997415,0.0001687187601759156,7.267668593473739e-06,-2.603531174251927e-06,-1.23598539664393e-07
10,2460764.819763406,-0.005090308769008628,-0.00518610595880335,0.0001687175241900801,7.267661042990582e-06,-2.603430130215164e-06,-1.235986331124066e-07
10,2460764.824763406,-0.005090272430710284,-0.005186118975828621,0.0001687169061967537,7.267657268076756e-06,-2.603379610645299e-06,-1.235986799434227e-07
10,2460764.829763406,-0.005090236092434193,-0.005186131992600087,0.0001687162882032506,7.267653493382239e-06,-2.603329092715353e-06,-1.235987268457653e-07
10,2460764.839763406,-0.005090163415938628,-0.005186158025385273,0.0001687150522155398,7.267645944650747e-06,-2.603228061760355e-06,-1.235988208644222e-07
10,2460764.849763406,-0.005090090739515166,-0.00518618405716139,0.00016871381622683,7.267638396796754e-06,-2.603127037339242e-06,-1.235989151683479e-07
10,2460764.859763406,-0.005090018063170558,-0.005186210087926088,0.0001687125802372337,7.267630849822311e-06,-2.603026019459873e-06,-1.235990097574971e-07
10,2460764.869763406,-0.005089945386898026,-0.005186236117681852,0.0001687113442466317,7.267623303728054e-06,-2.602925008111309e-06,-1.235991046318393e-07
10,2460764.879763406,-0.00508987271070434,-0.005186262146426323,0.0001687101082551374,7.267615758516032e-06,-2.60282400330144e-06,-1.235991997913283e-07
10,2460764.889763406,-0.005089800034582713,-0.00518628817416199,0.0001687088722626324,7.267608214186883e-06,-2.602723005019314e-06,-1.235992952359351e-07
10,2460764.899763406,-0.005089727358539914,-0.005186314200886494,0.0001687076362692289,7.267600670742654e-06,-2.602622013272822e-06,-1.23599390965613e-07
10,2460764.909763406,-0.005089654682569165,-0.005186340226602325,0.0001687064002748098,7.267593128183982e-06,-2.602521028051026e-06,-1.235994869803332e-07
10,2460764.919763406,-0.005089582006677217,-0.005186366251307124,0.0001687051642794867,7.267585586512907e-06,-2.602420049361792e-06,-1.235995832800488e-07
10,2460764.929763406,-0.005089509330857301,-0.00518639227500338,0.000168703928283141,7.267578045730072e-06,-2.602319077194202e-06,-1.235996798647311e-07
10,2460764.939763406,-0.005089436655116169,-0.005186418297688736,0.0001687026922858861,7.267570505837509e-06,-2.602218111556118e-06,-1.235997767343338e-07
10,2460764.949763406,-0.005089363979447041,-0.005186444319365683,0.0001687014562876032,7.267562966835862e-06,-2.60211715243661e-06,-1.235998738888279e-07
10,2460764.959763406,-0.005089291303856688,-0.005186470340031857,0.0001687002202884052,7.267555428727168e-06,-2.602016199843569e-06,-1.235999713281668e-07
10,2460764.969763406,-0.005089218628338323,-0.005186496359689752,0.0001686989842881734,7.267547891512055e-06,-2.601915253766057e-06,-1.236000690523215e-07
10,2460764.979763406,-0.005089145952898715,-0.005186522378337005,0.0001686977482870206,7.267540355192571e-06,-2.601814314211963e-06,-1.236001670612456e-07
10,2460764.989763406,-0.005089073277531085,-0.005186548395976104,0.0001686965122848287,7.267532819769341e-06,-2.601713381170366e-06,-1.23600265354911e-07
10,2460764.994763406,-0.005089036939877218,-0.005186561404416558,0.0001686958942833927,7.267529052394547e-06,-2.601662917095384e-06,-1.236003146085058e-07
10,2460764.999763406,-0.005089000602242186,-0.005186574412604697,0.0001686952762817103,7.267525285244403e-06,-2.601612454649128e-06,-1.236003639332708e-07
10,2460765.009763406,-0.005088927927028628,-0.005186600428224056,0.0001686940402776045,7.267517751618742e-06,-2.601511534642035e-06,-1.236004627962912e-07
10,2460765.019763406,-0.005088855251887021,-0.005186626442835458,0.0001686928042724514,7.267510218893336e-06,-2.601410621142875e-06,-1.236005619439404e-07
10,2469807.5,0.0008009809302123276,-0.00336602094245718,1.406859203716618e-05,5.36839358494865e-06,2.282668905795057e-06,-9.074536061555613e-08
10,2478938.5,0.006001107868340803,-0.0001865393571940423,-0.0001572933577237589,1.887899361194012e-06,6.781311279790122e-06,-5.559625903990868e-08
10,2488069.5,0.008407195414245543,0.001031596084433132,-0.000253593014007919,-1.362603064637198e-06,8.241614852446491e-06,-2.014504383169752e-08
