feature,jd_tt,longitude_deg,latitude_deg
0,2415020.5,258.9977313,1.1264188
0,2424151.5,269.6594561,3.1517576
0,2433282.5,299.4468936,-1.2244212
0,2442413.5,287.0426011,-2.1061619
0,2451545.0,271.8881138,-0.9947466
0,2460402.5,27.2182964,3.2795866
0,2460417.5,18.8984623,0.9209661
0,2460432.5,17.6421678,-2.4864558
0,2460676.5,259.8689376,1.1136227
0,2469807.5,270.0602549,3.1357087
0,2478938.5,300.1942263,-1.232719
0,2488069.5,288.0044723,-2.1126595
1,2415020.5,306.3744005,-1.6830907
1,2424151.5,252.6373624,1.1489082
1,2433282.5,316.9793589,0.6307218
1,2442413.5,293.3802426,-1.2331601
1,2451545.0,241.5648812,2.0663757
1,2460402.5,356.0850885,-1.4739962
1,2460417.5,14.61201,-1.4557693
1,2460432.5,33.1037311,-1.2033097
1,2460676.5,327.7112389,-1.4053269
1,2469807.5,281.2470303,-0.6060336
1,2478938.5,234.2539282,3.0613377
1,2488069.5,320.0695219,-1.8524244
3,2415020.5,283.8676927,-0.9254022
3,2424151.5,7.6201032,0.0178114
3,2433282.5,182.2110736,2.5124763
3,2442413.5,254.9588821,-0.2040795
3,2451545.0,327.9627159,-1.0677844
3,2460402.5,337.788421,-1.2255737
3,2460417.5,349.4461021,-1.2600065
3,2460432.5,1.0413516,-1.263941
3,2460676.5,121.918172,3.9145941
3,2469807.5,227.7141849,0.7726841
3,2478938.5,295.7775292,-1.0806937
3,2488069.5,29.5250336,0.9517484
4,2415020.5,241.1358874,0.8142907
4,2424151.5,273.1497159,0.1506186
4,2433282.5,306.5052495,-0.5839973
4,2442413.5,343.3147569,-1.165812
4,2451545.0,25.2530382,-1.2621907
4,2460402.5,47.5679636,-0.8179138
4,2460417.5,50.8936634,-0.7836772
4,2460432.5,54.3560111,-0.7558007
4,2460676.5,73.2155317,-0.6015698
4,2469807.5,121.691643,0.4580685
4,2478938.5,164.5934714,1.1586217
4,2488069.5,201.2062318,1.276603
5,2415020.5,267.7167413,1.0076898
5,2424151.5,222.0633584,2.2989202
5,2433282.5,169.4374229,2.0062086
5,2442413.5,105.8744801,-0.4005655
5,2451545.0,40.3956514,-2.4448568
5,2460402.5,343.7114719,-1.6693495
5,2460417.5,345.3152874,-1.7051179
5,2460432.5,346.7244575,-1.7490015
5,2460676.5,344.5239919,-1.9775627
5,2469807.5,297.5741876,-0.203583
5,2478938.5,253.1027286,1.5829799
5,2488069.5,205.6316158,2.4222152
6,2415020.5,250.1391603,0.0634029
6,2424151.5,348.105327,-0.7534159
6,2433282.5,92.6827348,0.2689173
6,2442413.5,211.8777782,0.5350444
6,2451545.0,314.8091306,-0.6583242
6,2460402.5,50.8338201,-0.2724147
6,2460417.5,51.6058244,-0.2685704
6,2460432.5,52.4448321,-0.2655244
6,2460676.5,53.635844,-0.2527317
6,2469807.5,170.732615,0.786725
6,2478938.5,280.8373348,-0.3284177
6,2488069.5,17.741302,-0.629465
7,2415020.5,85.2186593,-1.2996533
7,2424151.5,142.2237736,0.3165183
7,2433282.5,197.2660358,1.5917249
7,2442413.5,250.4333781,1.5219236
7,2451545.0,303.1929742,0.2350028
7,2460402.5,357.9434661,-1.2197381
7,2460417.5,358.4789776,-1.2252262
7,2460432.5,358.9591692,-1.2329828
7,2460676.5,357.2977969,-1.28544
7,2469807.5,53.603435,-1.7627919
7,2478938.5,111.0176114,-0.6807313
7,2488069.5,167.2905271,0.9638814
10,2415020.5,280.1533171,6.48e-05
10,2424151.5,280.0777129,-0.0001349
10,2433282.5,280.0044888,-9.3e-06
10,2442413.5,279.9339968,-0.0002002
10,2451545.0,280.3681519,0.0002381
10,2460402.5,12.7382825,-0.0002231
10,2460417.5,27.4749637,9.02e-05
10,2460432.5,42.0831425,-0.0001949
10,2460676.5,280.8127836,-0.0001656
10,2469807.5,280.7475662,0.0001128
10,2478938.5,280.6698746,-2.1e-06
10,2488069.5,280.6033765,8.77e-05
11,2415020.5,272.4165886,1.1082961
11,2424151.5,358.3777157,-3.6347064
11,2433282.5,61.411324,3.7815845
11,2442413.5,139.1805126,-4.8714924
11,2451545.0,223.3148557,5.1708744
11,2460402.5,281.0372076,-5.2776802
11,2460417.5,130.9698919,4.7781463
11,2460432.5,318.8728297,-4.3715329
11,2460676.5,293.9028307,-4.6102594
11,2469807.5,18.6647915,3.3919518
11,2478938.5,85.3876294,-2.5046648
11,2488069.5,157.4003874,1.092718
